<?xml version="1.0" encoding="utf-8"?>

<details xmlns:xs="http://www.w3.org/2001/XMLSchema-instance" 
xs:noNamespaceSchemaLocation="studentDetails.xsd">
	<student>
		<rollno rno = "1001"></rollno>
		<studentname>Anil</studentname>
		<stream>Science</stream>
	</student>
	
	<student>
		<rollno rno = "1002"></rollno>
		<studentname>Madhavi</studentname>
		<stream>Arts</stream>
	</student>
	
	<student>
		<rollno rno = "1003"></rollno>
		<studentname>Ramos</studentname>
		<stream>Commerce</stream>
	</student>
	
	<student>
		<rollno rno = "1004"></rollno>
		<studentname>Theo</studentname>
		<stream>Arts</stream>
	</student>
	
	<student>
		<rollno rno = "1005"></rollno>
		<studentname>Ronaldo</studentname>
		<stream>Science</stream>
	</student>
</details>