<?xml version="1.0" encoding="UTF-8"?>
<scholarRegistration xmlns:xs="http://www.w3.org/2001/XMLSchema-instance"  xs:noNamespaceSchemaLocation="142861_Shalini_XSD.xsd">
<scholar>
		<rollNo>A11</rollNo>
		<firstName>Shalini</firstName>
		<lastName>Ekka</lastName>
		<mobile>9738981839</mobile>
		<guideName>Dr. Rajiv Rajnathan</guideName>
	</scholar>
	
	<scholar>
		<rollNo>A12</rollNo>
		<firstName>Jeevan</firstName>
		<lastName>John</lastName>
		<mobile>9789998212</mobile>
		<guideName>Dr. Vijay Mathur</guideName>
	</scholar>
	
	<scholar>
		<rollNo>A13</rollNo>
		<firstName>Smitha</firstName>
		<lastName>Devraj</lastName>
		<mobile>9739347057</mobile>
		<guideName>Dr. Binod Kumar</guideName>
	</scholar>
</scholarRegistration>