<?xml version="1.0" encoding="ISO-8859-1"?>
<customer xsi:noNamespaceSchemaLocation="4.xsd" xmlns:xsi="http://www.w3.org/2001/XMLSchema-instance" >
<customers>
		<applicationid>1001</applicationid>
		<name>Priya</name>
		<mobileNo>9982212345</mobileNo>
		<email>priya@capgemini.com</email>
		<programId>1</programId>
	</customers>
	
	<customers>
		<applicationid>1002</applicationid>
		<name>Anu</name>
		<mobileNo>9982254321</mobileNo>
		<email>anu@capgemini.com</email>
		<programId>1</programId>
	</customers>
	<customers>
		<applicationid>1003</applicationid>
		<name>Arun</name>
		<mobileNo>998228735</mobileNo>
		<email>arun@capgemini.com</email>
		<programId>1</programId>
	</customers>
	<customers>
		<applicationid>1004</applicationid>
		<name>Shyam</name>
		<mobileNo>9999912345</mobileNo>
		<email>shyam@capgemini.com</email>
		<programId>2</programId>
	</customers>
	<customers>
		<applicationid>1005</applicationid>
		<name>Priyank</name>
		<mobileNo>9982233123</mobileNo>
		<email>priyank@capgemini.com</email>
		<programId>1</programId>
	</customers>
</customer>